File,transcript
1271245.wav,बिलासपुर बिलासपुर छत्तीसगढ़ में रहता हूं मैं
1271995.wav,मैं यूपी में रहता हूं जिला सोनभद्र में आशीष कुमार गुप्ता मेरा नाम है
1271899.wav,प्रयागराज
1265924.wav,जिला बिजनौर उत्तर प्रदेश
1268126.wav,नैनो की बात नैना जाने है
1266739.wav,डिस्ट्रिक्ट कौशांबी उत्तर प्रदेश
1268511.wav,मेरा नाम के दिन पड़ा ग्राम पोस्ट सिरौली थाना विजयपुर जिला समस्तीपुर शौचालय शौचालय प्रधानमंत्री शौचालय बनवाते हैं उनका मुख से मां का वीडियो लोग से करा लो लेकिन वह 3025 पर वोट मांगते हैं इस कारण
1269644.wav,महाकाल पिया कटिया में रामनगर करवाना पर बोल रहे हैं रास्ते में जाने से क्या फायदा
1269369.wav,बिहार जमुई जिला गिद्धौर प्रखंड का पंचायत का चुनाव
1270813.wav,लाइव उत्तर प्रदेश जिला बांदा का लिखवा चमेली चौराहा में रहता हूं शनिवार को एकदम
1268720.wav,मायापुर
1269172.wav,उधम सिंह नगर उत्तराखंड नमस्कार मैं सत्यम सिंह  जिला उधम उधम सिंह नगर उत्तराखंड के रहने वाला हूं मैं यह कार्यक्रम की चर्चा मंच पर
1271723.wav,मैं अजमेर जिले में रहता हूं मेरा नाम बिना है
1268674.wav,वेस्ट बेंगल अटेंशन पार्ट वन
1268520.wav,मैं बहुत दूर हूं मैं घुमिया सॉन्ग  हेलो हेलो हेलो हेलो  नागपुर में रहता हूं पढ़ने जाता हूं
1266610.wav,बेवफा नगर के 24 गांव में रहता हूं  मेरा नाम अशरफ अंसारी
1267633.wav,जिला प्रतापगढ़ यूपी
1267978.wav,उत्तर प्रदेश बी एच यू वाराणसी
1267779.wav,उना हिमाचल प्रदेश
1268013.wav,नाम पंकज कुमार जिला मुजफ्फरपुर प्रशासन द्वारा टेस्ट
1271984.wav,लंदन जम्मू-कश्मीर में रहती और मेरे जिला का नाम कट हुआ है
1266678.wav,मेरा नाम का जनरेटर में उत्तराखंड के जिला अल्मोड़ा
1268737.wav,मैं भागलपुर जिले के अकबरनगर लकवा में रहता हूं जो बिहार में पड़ता है
1268273.wav,काशीपुर काशीपुर जिला उधम सिंह नगर माय नेम इज आरती
1268971.wav,हेलो मेरा नाम सोनिया है मैं ग्राम में है कि मैं चाहती हूं
1269861.wav,मध्य प्रदेश
1269185.wav,मैं दशरथ महतो नई दिल्ली झारखंड से हूं मेरा घर एक गांव में है
1268702.wav,एमआई जिले का नाथू सिंह वाले राज्य का नाम में मध्य प्रदेश
1270857.wav,रामायण
1266341.wav,हेलो मनीषा मंदिर रोड की रहने वाली हूं मेरी उम्र है 12 साल में कुछ भी कर सकती हूं धन्यवाद
1268617.wav,राजस्थान
1268808.wav,नारायण भगवान के वॉलपेपर
1268151.wav,हेलो
1268117.wav,मास्टर कांगड़ा
1268234.wav,इलाहाबाद इलाहाबाद में रहती हूं मकान में 14 साल में काली गुलामी
1268179.wav,स्पेशल यूपी मध्य प्रदेश  जबलपुर मध्य प्रदेश
1272197.wav,जिला लखीसराय बिहार
1266680.wav,सीमलवाडा तहसील राजस्थान
1269593.wav,झारखंड दीवान डी में  झारखंड दिवाली में
1266371.wav,जिला उधम सिंह नगर उत्तराखंड राज्य
1271561.wav,96 जम्मू में रहती हूं और मेरा घर प्रिंट नगर प्लेस में है
1271791.wav,मैं जिला बस्तर छत्तीसगढ़ में रहता हूं और मैं पढ़ाई करता हूं मैं अग्रवाल में ब्लाइंड स्कूल में पढ़ाई करता हूं मेरा नाम सुखदेव जैसे
1267286.wav,हमारा नाम नानू लाल रंगीला राम मोदी समाज जिला सोनभद्र उत्तर प्रदेश में हम रहते हैं  और शौचालय के बारे में बिल्कुल हम तर्क सही से इस्तेमाल करते भी हैं सब
1266815.wav,दीवार
1267198.wav,विश्व युवा कौशल जीवन
1271233.wav,आप बॉय हो रहे हैं कृपया पीछा किया बिल पेमेंट करने के लिए क्यों साथ साथ
1269623.wav,उना हिमाचल प्रदेश
1269093.wav,मैं छत्तीसगढ़ बिलासपुर में रहता हूं सरकंडा बंगाली पारा बिलासपुर
1268105.wav,जिला बनारस
1268286.wav,मैं सेना हूं मेरा घर है उसकी पुरानी
1271795.wav,मैं सिद्धेश अभियान जिला का छत्तीसगढ़ में रहने वाला हूं ब्लाइंड स्कूल आरा वालों में पढ़ाई करता हूं मैं नवी कक्षा में पढ़ाई करता हूं अरे नाम और गांव जिला
1271774.wav,बिहार  बिहार
1270157.wav,बीकानेर राजस्थान बीकानेर राजस्थान
1267594.wav,हेलो हां मैं दिनेश कुमार बोल रहा हूं और मैं उत्तर प्रदेश से कासगंज जिले का रहने वाला हूं और प्रकाशन जीने लगा हूं बस एक दिनेश नाम है मेरा
1267344.wav,नागपुर
1271798.wav,आई एम 1m अजरुदीन फ्रॉम हैदराबाद सिटी
1270105.wav,विजय कुमार गौतम ग्राम मुरली पोस्ट तहसील उतरौला बलरामपुर यूपी
1266121.wav,खरगोन मध्य प्रदेश खरगोन मध्य प्रदेश
1271866.wav,कर्नाटक
1268629.wav,बरेली उत्तर प्रदेश बरेली उत्तर प्रदेश
1268293.wav,हवेली खड़कपुर प्रखंड सासाराम का समाचार
1271828.wav,मेरा नाम विद्यालय में त्रिपुरा में रहता हूं इस सब के प्रोग्राम है कि वह के अनुसार से उत्पन्न होता है जो अपने शरीर का इज्जत कर
1268709.wav,बिहार जम्मू एंड कश्मीर  जम्मू एंड कश्मीर जम्मू एंड कश्मीर
1268169.wav,मैं त्रिपुरा का रहने वाला हूं त्रिपुरा की राजधानी अगरतला में रहने वाला हूं अगरतला का रहने वाला है
1267185.wav,अमन कुमार हिसार हरियाणा  हिसार हरियाणा
1269853.wav,रितिका सुंदर नागपुर महाराष्ट्र
1268801.wav,मेरा नाम समीर है ना कि मेरे गांव का नाम जिला देवरिया
1268123.wav,मध्य प्रदेश चुनाव की मध्य प्रदेश चुनाव की
1268991.wav,मेरा नाम राहुल कुमार यादव ग्राम नगरिया का बांध डिस्ट्रिक्ट इटावा में गांव में गांव का निवासी था
1271717.wav,जोड़ी गांव के  बेगू जिले के गुजरी गांव में रहती हूं तालुके जिला का तालुका भुज और गांव
1267592.wav,नमस्कार मेरा नाम है भोला यादव जिला मधुबनी स्टेट बिहार गांव की पट्टी थाना राजनगर और ना ही कासगंज भी लेते चलना ही कार्यक्रम से लेकर आया है जवानी तू कुछ भी कर सकता हूं एपिसोड में जो कार्यक्रम को बहुत आगे और मैं
1268649.wav,रेस्पेक्ट है और एक सीरियल है बहुत ही बढ़िया है मैं नागपुर से महाराष्ट्र के नागपुर से बात कर रही हूं मुझे पहचाना खत्री हूं इसलिए जो लोग स्वच्छता को नहीं समझते इसके लिए बहुत ही अच्छी है
1268626.wav,पंजीम गोवा पंजीम गोवा
1267985.wav,मुजफ्फरपुर बिहार मुजफ्फरपुर बिहार
1268146.wav,हम वारंगल तेलंगाना में रहते हैं उसका नाम है हमारा
1271601.wav,जिला रामपुर यूपी रामपुर यूपी में अंतर जिला रामपुर राज्य उत्तर प्रदेश
1268607.wav,हेलो  सिका स्कूल गोमती नगर में रहते हैं
1268661.wav,नए साल के नगर चंद्रपुर महाराष्ट्र में रहता हूं मेरा नाम है  माय फेवरेट
1267542.wav,जौनपुर
1271054.wav,जमुई जिला बिहार राज्य
1268820.wav,मैं कानपुर देहात में बैरी सवाई ग्रेजुएशन वक्त की आवाज के पास में रहता हूं या राम बोलो भाई सवाई में रहता हूं
1266791.wav,राम
1268378.wav,कश्मीर जिला कुंवारा  कश्मीर बिलासिपारा
1269414.wav,मधुबनी जिला बावरी कथा का पहला पंचायत
1268490.wav,हेलो हां मैं एमपी जबलपुर से बोल रही हूं मेरा नाम को संबंध है
1268619.wav,बनारस वाराणसी गुलरिया  सेक्सी
1267325.wav,प्रयागराज में रहते हैं  मेरा घर पर आ जाए  प्रयागराज
1268171.wav,हम मध्य प्रदेश मध्य प्रदेश के पिपरिया शहर में रहते हैं
1268659.wav,कर्नाटक राज्य से गजल जिला
1268750.wav,खतरों के खिलाड़ी
1271447.wav,राजस्थान में चुरू जिले में सॉन्ग गोपाल
1271309.wav,दक्षिण दिनाजपुर पश्चिम बंगाल
1272104.wav,सिरोही
1271699.wav,नेत्रपाल हूं मैं त्रिपुरा स्टेट अगरतला जिला से बोल रहा हूं इस हफ्ते का जवाब है कि वह के अनुसार शबनम वह होता है जो अपने शरीर का
1266794.wav,विच बेंगलुरु उत्तर प्रदेश  वेस्ट बंगाल जलपाईगुड़ी
1270104.wav,उत्तर प्रदेश जिला बरेली कस्बा सॉन्ग
1271987.wav,कानपुर उत्तर प्रदेश
1266197.wav,अशोक बिहार छपरा जिला में जाते हैं
1268799.wav,हम गाजीपुर उत्तर प्रदेश में रहते हैं
1267101.wav,क्लिक टू देहरादून उत्तराखंड
1265971.wav,विजयपुर जिला शिवपुर  ऐसी जगह पर गिलास लेकर
1268796.wav,कूल कूल
1266028.wav,देशराज हिमाचल प्रदेश डिस्ट्रिक्ट कांगड़ा  देशराज हिमाचल
1268515.wav,नागपुर  महाराष्ट्र
1271477.wav,बनारस
1268633.wav,हेलो मेरा नाम अभिषेक उनकी शक्ल वाले चुनाव रगड़गंज नागपुर में रहता हूं पिन कोड 44000 अट
1271344.wav,उत्तर प्रदेश का राजकीय फूल
1268921.wav,मैं बिलासपुर से बोल रहा हूं छत्तीसगढ़
1266365.wav,मैं गुलबर्गा कर्नाटक में
1270717.wav,नया रायपुर छत्तीसगढ़ पिन कोड 492101
1269474.wav,मेरा नाम है और मेरा बिहार राज्य में रहता हूं और मेरा जिला छपरा सारण और मेरे गांव का नाम शीतलपुर कोठी है धन्यवाद
1267981.wav,डूंगर व्यासपीठ
1268601.wav,अमित वीडियो चकाई प्रखंड के अंतर्गत आता है
1270095.wav,मैं राजनांदगांव छत्तीसगढ़ में रहता हूं
1268224.wav,मेरा नाम इश्क का सिला है उत्तर प्रदेश के रहने वाले मेरे छोटे लाल है
1271235.wav,मार्केट
1271115.wav,छायावाद बिहार
1268654.wav,कुसमरा गांव में रहते हैं गोरा जी गए थे  मध्य प्रदेश के गुना जिले की कुछ होना नामक गांव में रहते हैं
1270084.wav,दिलबर के बोरा वाली गाड़ी
1270445.wav,मेरा नाम बताने का ग्राम इटावा डिस्ट्रिक्ट बांदा पिथौरा ब्लाक कमासिन तहसील बबेरू उत्तर प्रदेश स्टेट धन्यवाद
1271162.wav,कानपुर देहात में रहती हूं मेरा गांव के नाम मेरा दिल चुरा
1268324.wav,मैं जबलपुर में रहती हूं
1271857.wav,हेलो
1268104.wav,जबलपुर मध्य प्रदेश जबलपुर मध्य प्रदेश
1270342.wav,बोकारो झारखंड
1265930.wav,लखनऊ उत्तर प्रदेश
1268732.wav,हेलो अंतर्गत की बात कर रहे हैं हमारा नाम है विनोद भाई मेवाड़ी  हम चार जने हैं घर में बहुत अच्छा लगता है धारावाहिक मैं कुछ कर सकती हूं बहुत अच्छा लगता है
1266771.wav,धन्यवाद रोहित कुमार यादव  मैं फिलहाल वाराणसी
1271713.wav,नागपुर महाराष्ट्र
1267647.wav,ग्राम पुरवा  ग्राम पर दिन भर के पुरवा
1269059.wav,महाराष्ट्र  डॉक्टर से बात करनी है मुझे कुछ सवालों के जवाब  इस मीडियम से बात कर रही है
1268869.wav,हेलो मेरा नाम विकास राठौड़ और जिला आगरा में रहता हूं
1268639.wav,जयपुर राजस्थान  जयपुर जिला जयपुर राजस्थान और कोड नंबर 304
1268096.wav,हेलो  सांवली सूरत
1269016.wav,हेलो समसपुर में रहती हूं
1268529.wav,मेरा बाप हेमंत शर्मा है मैं राजस्थान से हूं और मैं अलवर जिले के गांव सीता राम में सीता राम के नंगे में रहता हूं तहसील कठूमर तहसील पोस्ट तहसील कठूमर पोस्ट बेरी
1271378.wav,एलोवेरा जेल से बात कर रहा हूं
1265948.wav,जिला कन्नौज स्टेशन
1271251.wav,मैर्केल जबलपुर
1265985.wav,उत्तर प्रदेश लखनऊ
1269051.wav,जी मैं कश्मीर मैन दुर्बल में रहती हूं
1268958.wav,शंकरलाल राव आज का दाना दाना धार जिला सिरमौर हिमाचल प्रदेश  मैं कुछ भी कर सकती हूं धारावाहिक के माध्यम से सतना के लिए मेरा या संदेश रहेगा कि देश के सभी सभी
1271272.wav,स्टार प्लस
1270816.wav,माय नेम इज वीरेंद्र कुमार फ्रॉम हमीरपुर माई ग्रामीण रीवा डिस्टिक हमीरपुर में अति उत्तम है
1268844.wav,हेलो हेलो
1268562.wav,रेडी B.Ed की
1270952.wav,जिला सिवान राज बिहार
1268685.wav,मैं गुर्जर की में रहता हूं और और यहां पर चुने की बस्ती में रहता हूं
1270687.wav,मोहम्मद जुबेर मंसूरी अकारू कानपुर देहात उत्तर प्रदेश
1268544.wav,इलाहाबाद में इलाहाबाद में रहते
1268911.wav,नागपुर
1267247.wav,हेलो मेरा नाम मोहम्मद रफीक और मैं जिला महाराजगंज से बात कर रहा हूं यूपी
1271394.wav,माय नेम इस सुमित स्टेट महाराष्ट्र डिस्ट्रिक्ट नांदेड
1271779.wav,मेरा नाम प्रवीण है कर्नाटक के जिले में रहती हूं मैं जिसकी खातिर डिस्टिक आश्रम में रहती हूं
1271252.wav,नीलम चंद कुमावत ए नजर से मिला और मेरे बिना भी जरूरी है
1269271.wav,जहांपुर विनोद सर प्रदेश
1271765.wav, लाल किला नागपुर जिला
1268736.wav,राज्य कौन सा है बनारस में उत्तर प्रदेश वाराणसी वाराणसी गोंडा यूपी आजमगढ़ का रहने वाला हूं और हैदरपुर कराना संग्राम रहता हूं
1268595.wav,पश्चिम बंगाल भानपुर भानपुर पश्चिम बंगाल
1268131.wav,इलाहाबाद
1265916.wav,उत्तर प्रदेश के वाराणसी जिले से
1271978.wav,कर्नाटका बिदार डिस्टिक कर्नाटका  कर्नाटका डिस्ट्रिक्ट
1268533.wav,लखन मैं गांव में रहता हूं मधुबनी जिला जयनगर प्रखंड बयाना गांव लेकिन हमारे यहां हर घर में शौचालय और विषय में जानकारी
1268684.wav,मेरा नाम विवेक है मैं आगरा का लाल किला आगरा में रहता हूं
1268673.wav,मेरा गांव मेरे देश के लोगों के द्वारा राजस्थान में मेरा पता एड्रेस कैसे मेरे को बुला ले उसको मिस
1268640.wav,हेलो
1271957.wav,हमारा नाम नवीन भाई है हम राजकोट गुजरात से बोल रहे हैं
1271473.wav,जिला जिला की नारी पड़ेगा और रेट बढ़ेगा दिल्ली
1271382.wav,मैं मेरा नाम जोगेंद्र सिंह राठौर है मैं जान से स्कूल में रहता हूं झारखंड प्रांत में जिला का नाम में पूर्वी सिंहभूम और प्रखंड का नाम है मारी चुनरी को जमशेदपुर 1009
1267260.wav,महाराष्ट्र महाराष्ट्र
1266211.wav,मेरा नाम श्याम कुशवाहा में मैं बिहार कराने बिहार राज्य और राज्य और सिवान जिले का रहने वाला हूं
1265957.wav,मेरठ यूपी नाम संगीता
1267571.wav,गाजीपुर उत्तर प्रदेश
1268616.wav,मैं आश्रम से बाहर गांव में रहती हूं मेरा नाम शिल्पा विश्वास
1270791.wav,ग्राम पंचायत बावड़ी मधुबनी बिहार 18 जनवरी बिहार मधुबनी
1267261.wav,रीवा जिला मध्य प्रदेश
1271437.wav,नागपुर महाराष्ट्र
1268538.wav,नागपुर महाराष्ट्र
1268622.wav,जिला रायसेन मध्य प्रदेश जिला रायसेन मध्य प्रदेश जिला रायसेन मध्य प्रदेश
1266366.wav,हेलो
1268000.wav,मेरा नाम सुमन है बांदा यूपी में रहती हूं और कुछ पूछना है
1268489.wav,श्रीकाकुलम मेरे नाम मनीषा
1268384.wav,नागपुर नागपुर महाराष्ट्र नागपुर महाराष्ट्र
1266448.wav,बस्ती मंडल बांकुड़ा जिला सच्ची महाराजा कॉलेज विष्णुपुर
1268975.wav,सट्टा प्रदेश
1268874.wav,नमस्कार मेरा नाम रोहित कुमार यादव मैं फिलहाल रहा हूं और हां मैं चाहता हूं कि इस तरफ से साफ सफाई करते रहे
1266237.wav,मेरा नाम राधिका कुमारी प्रजापति रेनवाल
1268358.wav,हेलो मेरा नाम सुंदरलाल है जी और विलेज अधिका डिस्टिक सिरमौर पोस्ट ऑफिस हिमाचल प्रदेश  मध्य प्रदेश के बोल रहा हूं
1271366.wav,मेरा नाम दीप जला ले जिले के बोल रहा हूं कि वह नंबर दो
1271290.wav,गंजाम जिले के उड़ीसा
1269065.wav,रीवा जिला मध्य प्रदेश
1268141.wav,हेलो मैं पूनम से बात करा देना  आंख मारे
1269090.wav,शहडोल शहर मध्य प्रदेश
1268678.wav,कौशांबी लालापुर  गांधी टायर्स
1268268.wav,काशीपुर जिला अर्शी
1271726.wav,सूरत
1266850.wav,जीना जीना न्यू भोजपुरी
1268645.wav,जयपुर राजस्थान जयपुर राजस्थान में
1271692.wav,रिकॉर्ड्स ना हो हमारे जवान हो आपका कॉल होल्ड
1267623.wav,नमस्कार मेरा नाम है मैं 9 मार्च जिला इटावा यूपी से
1271645.wav,मेरा मेरा नाम मेरा मेरा नाम सीमा पाठक है मेरे जिले का नाम है बहराइच उत्तर प्रदेश पर आने वाले हैं हम
1268245.wav,हम बुरहानपुर में मध्य प्रदेश मध्यप्रदेश में बुरहानपुर  सुल्तानपुर के अंदर शाही जामा मस्जिद के पास
1270201.wav,हेलो का इलाज में रहते हैं अब मेरा मेरा नाम सिमरन
1270720.wav,न्यू रायपुर छत्तीसगढ़
1270186.wav,माय नेम इज सुनील नामदेव एमपी छतरपुर ग्राम व पोस्ट खंडवा
1271858.wav,हेलो  लगाओ
1269072.wav,मां दुर्गा जी से बात कर रहा हूं और मेरा नाम है आपका मुझे तो बहुत अच्छा लगता है और यहां और हमारे गांव में नाम चलता है
1268143.wav,जबलपुर मध्य प्रदेश  जबलपुर मध्य प्रदेश
1268707.wav,मेरा नाम बोलिए मैं बनारस से
1271907.wav,मेहंदी संचलन बोल रहा हूं मैं अच्छी तरह से बोल रहा हूं मैं यह सोच कर पाया महीना सोच कैसी है तो खेतों में जाते हैं छोटे बड़े गांव में
1272141.wav,  जलाल हो गांव चकरपुर छोरी जिला नो गांव फतेहपुर खीरी नासिक
1268233.wav,राधा कृष्ण  सर जी कथा
1268334.wav,जी हम कश्मीर से बोल रहे हैं और कश्मीर उसका नाम भी रहते हैं
1268609.wav,जिला जयपुर राज्य राजस्थान
1271360.wav,मेरा नाम विजय पाल है वह पूरा में रहता हूं अगरतला जिले के स्टेट का घटना जो मेरा नाम विशाल है
1271934.wav,मेरा नाम मोहम्मद असलम अंसारी है मैं नागपुर के विदेश में हूं गांव से बोल रहा हूं
1266658.wav,आयुर्वेद बरेली यूपी
1268095.wav,गोरखपुर नाम संचिता गुप्ता नाम संचिता गुप्ता गोरखपुर
1268651.wav,जम्मू जम्मू एंड कश्मीर
1266823.wav,झारखंड पुलिस सिंबल
1271931.wav,मेरा नाम साकेत कैलेंडर में पड़े हुए हैं
1270354.wav,बिरला फ्रॉम महाराष्ट्र इंडिया
1268189.wav,वाराणसी
1265928.wav,मेरे नजरिए प्रोजेक्ट
1266594.wav,गोरा चाल का
1271787.wav, महिला बचत गट दंतेवाड़ा से बिलॉन्ग करता हूं मेरा नाम
1265997.wav,नागपुर  नागपुर  नागपुर
1268004.wav,छपरा जिला
1268129.wav,हेलो
1271641.wav,मैं भी अपने मुंह से बोल रही हूं मेरा उत्तर प्रदेश जिला बहराइच में नरेना पुर गांव में है और मेरा नगर से बोल रही हूं
1269152.wav,मैं हेमंत शर्मा मैं राजस्थान से हूं और जयपुर से हूं अलवर से सॉरी
1267253.wav,राज बिहार जिला मधुबनी  गांव के चट्टी वार्ड नंबर 31 मामलों के परिवार को खोले खुलेआम में शौच करने के लिए जाना पड़ता है और सरकार की चलाई गई
1265934.wav,मैं राजेश वर्मा सोचा गाना गांव बिष्णुगढ़ प्रखंड जिला हजारीबाग झारखंड से फोन कहां
1268118.wav,नागपुर महाराष्ट्र नागपुर में
1268765.wav,मेरा नाम रिया सेन और मैं बोलिए सिवान जिला से और क्या उम्मीद की जा सकती है सीरियल बहुत अच्छा बहुत प्यारा है और हम बातें करना चाहते हैं कुछ बातें कर आइए हम भी शामिल होना चाहते हैं आई हो कि हमको बातें करा ली जाती हो और मेरा
1266748.wav, हेलो जिला अमरोहा
1269193.wav,अमरपुर के गाने
1266773.wav, अनीता देवी पति राजेश्वर मास्टर विष्णुगढ़ हजारीबाग झारखंड प्रदेश से बोल रही हूं
1268704.wav,बिल्ली और मीडिया पड़ेगा नोट दिल्ली तीस हजारी
1267297.wav,श्रवण कुमार स्पर्श राजकीय दृष्टिबाधित बालक इंटर कॉलेज प्रतापपुर बराल मेरठ में कक्षा 9 का छात्र हूं वर्ष में शाहजहांपुर जिले के बंडा ब्लाक के भरी बरा गांव में रहता हूं
1268680.wav,अभिषेक रंजन सिंहा बर्नपुर वेस्ट बंगाल  अभिषेक रंजन सिंहा वन टू वेस्ट बंगाल
1271242.wav, किला शिमला
1268745.wav,गंगाधर तिलक
1267587.wav,मैं महाराष्ट्र हिंगोली जिला से बात कर रहा हूं
1268967.wav,राजस्थान जयपुर  नीरज गुप्ता
1268660.wav,मांगो गार्डन कृष्णा नगर जमशेदपुर
1268496.wav,राजस्थान
1272073.wav,मैं दीवानी बाजार में रहता हूं वर्तमान जिला में
1268630.wav,लालू को गोबर जिला बनासकांठा गुजरात
1270767.wav,साथ में दाखिला के साथ में चले और राजबाला रसिया पर बात करना चाहती हूं कि
1271053.wav,गोपालगंज बिहार
1270699.wav,उत्तर प्रदेश एटा टू कानपुर देहात मोहम्मद विधायक मंसूरी
1268624.wav,हम आपको लगे रहते हैं महाराष्ट्र के पूरा जूना शहर अकोला
1268144.wav,हेलो  हेलो
1269323.wav,जिला मेरठ तहसील मवाना पुराना सुना दो  पाद मरो नाम संजय कुमार
1268228.wav,राजपूत स्टेटस
1268187.wav, लगाना डिस्टिक तेलंगाना स्टेट रिजल्ट
1270313.wav,राजस्थान
1267096.wav,नमस्कार मैं भजन लाल यादव जनपद अमेठी उत्तर प्रदेश ग्राम पुरे राघव पंडित का निवासी हूं और मैं कुछ भी कर सकती हूं धारावाहिक को नहीं मिलता हूं और मुझे बहुत अच्छा लगता है यह प्रोग्राम और इस पर जो जागरूकता कार्यक्रम जो आयोजित किया जाता है आते
1269432.wav,मैं सारा ब्रदर कालीबाड़ी मंदिर बंगाली कॉलोनी सरकंडा से बोर्ड बिलासपुर से बोल रहा हूं छत्तीसगढ़
1268642.wav,नागपुर
1265947.wav,मैं मजदूर हूं
1266359.wav,मेरा नाम मोहम्मद
1271432.wav,जम्मू कश्मीर बारामुला
1265956.wav,हेलो मैं गजेंद्र कुमार और मैं यूपी डिस्ट्रिक्ट बुलंदशहर से बोल रहा हूं धन्यवाद
1268612.wav,नागपुर
1267243.wav,सुनील तिवारी जनपद गोंडा 9794 22  सुनील तिवारी
1268652.wav,पानी पानी
1268724.wav,अंकुश आप कहां रहते हो  हेलो हेलो हेलो
1271114.wav,राधा कुमारी प्रजापति है
1270550.wav,बनारस जिला उत्तर प्रदेश जबलपुर तो ताड़ी खाना चाहिए
1266796.wav,अकोला महाराष्ट्र
1268768.wav,कठूमर अलवर अलवर जिला राजस्थान राज्य
1271478.wav,कौशांबी उत्तर प्रदेश
1267088.wav,मेरा नाम संदीप है डिस्ट्रिक्ट झज्जर हरियाणा गांव पाटोदा में रहता हूं और मेरे परिवार में जो कुछ करना चाहिए
1267616.wav,किशोर सेवा में रहता हूं
1268546.wav,अमरावती शोभा नगर सोहर
1268603.wav,अरे रात को जिले में रहता हूं और मैं घर में हूं और महिला का नाम  हेलो
1268743.wav,राजकोट गुजरात
1269846.wav,गांव में प्रतापगढ़ जिला
1270959.wav,नमस्कार मैं सोनू कुर्वे नया रायपुर छत्तीसगढ़ से बात कर रहा हूं
1270390.wav, सही है उसने अभी आपकी कॉल को होल्ड पर रखा है इमेज जिस व्यक्ति से आप बात कर रहे हैं उसमें अभी आपकी कॉल को होल्ड पर रखा है इस वर्ष निवासी कुवैत
1269741.wav,नमस्कार मेरा नाम श्रवण कुमार मौर्य मास्टर्स राजकीय दृष्टिबाधित बालक इंटर कॉलेज परतापुर बराल मेरठ उत्तर प्रदेश में कक्षा 9 का छात्र व शाहजहांपुर
1271448.wav,मैं सुषमा कुमारी की फोटो 3 वाट विकारों से तेनुघाट परिवार प्रखंड जिला बोकारो वापी की रहने वाली निवासी है सुषमा कुमारी
1270429.wav,मारवाड़ी
1271110.wav,हमारा नाम नाथूलाल रंगीला ग्राम मऊ जिला सोनभद्र उत्तर प्रदेश बोल रहा हूं  मैं यहीं से बोल रहा हूं  आपको नमस्कार धन्यवाद जो जो मेरे पास था वह सारे चीज बता दिया हूं अब तक
1271124.wav,यवतमाल प्रॉपर्ली प्रॉपर यवतमाल महाराष्ट्र स्टेट
1268374.wav,जबलपुर मध्य प्रदेश के खुशी पटेल बोल रही है हम जबलपुर पर रहते हैं और हम स्वास्थ्य करते हैं
1268618.wav,उड़ीसा राज्य की कहानी जिले में रहती हूं और मेरा स्वास्थ्य
1268672.wav,हेलो
1266615.wav,नागपुर जिले की जाति नगर गांव में रहता हूं और मेरा नाम मोहम्मद अशफाक अंसारी है
1271294.wav,मेरा नाम विशाल है मैं रहता हूं
1271757.wav, लूणा बाइक छोटा ताजबाग नागपुर
1268173.wav,नया जिला छतरपुर गांव चौका मध्य प्रदेश जिला छतरपुर गांव
1266271.wav,बिहार में रोहतास जिला रोहतास
1266754.wav,नेट जिला जालौन उत्तर प्रदेश ग्राम सिंधी में रहता हूं
1271640.wav, मैं हूं कुमारी प्रखंड पेटरवार ब्लॉक बोकारो झारखंड की रहने वाली है
1268656.wav,मैं पंजाब में रहती हूं और मेरा नाम देव है खुले में शौच करने से प्राप्त होता है  हमारे जिले का नाम है फगवाड़ा
1266618.wav,हेलो नमस्कार ने मेवात हरियाणा से बिलॉन्ग करता हूं मेरा नाम मोहम्मद इस्माइल
1270422.wav,मेरठ उत्तर प्रदेश दुर्गाकुंड वाराणसी में विश्वकर्मा ने आप लोगों के सर्वे में भाग लेता हूं
1268536.wav,मैं मंदिर में रहती है और इंसान लेकिन बाहर जाना चाहिए
1265886.wav,आई टेस्टिंग डॉट जब लिपिस्टिक जिला टॉप लिस्ट
1268160.wav,हम उत्तर प्रदेश राज्य के मिर्जापुर जिले में रहते हैं  हमारे गांव का नाम गाने
1266446.wav,इतिहास को स्कूटी वन होल
1271239.wav,वाराणसी
1268670.wav,नागपुर महाराष्ट्र महाराष्ट्र में नागपुर  महाराष्ट्र में नागपुर में
1271803.wav,तिलक नगर ना
1267358.wav,मुकेश कुमार मुकेश कुमार
1268585.wav,रीवा एमपी रीवा एमपी
1268614.wav,हेलो मोहाली चंडीगढ़ मोहाली पंजाब
1271391.wav,बारामुला रसिया
1267259.wav,मेरा नाम राम यादव ग्राम पोस्ट बरगढ़ जिला चित्रकूट  करीब करीब इस समय शौचालय बन चुके हैं और शौचालय में कितने शौचालय बन चुके हैं
1268838.wav,वर्धा जिला नागपुर
1268719.wav,रतनगढ़
1266643.wav,बठिंडा पंजाब
1266079.wav,सतारा महाराष्ट्र जिला जिला सातारा महाराष्ट्र
1270430.wav,उज्जैन मध्य प्रदेश
1271657.wav,मेरा नाम सीमा है उत्तर प्रदेश में रहती हूं मेरे जिले का नाम बहराइच और मेरे गांव का नाम नरेना पुर है
1266073.wav,गांव में प्रतापगढ़ जिले में
1268488.wav,हेलो मेरा नाम प्रियांशी है मैं दिल्ली से बात कर रही हूं
1265929.wav,हेलो
1268510.wav,बाड़मेर राजस्थान
1266400.wav,आंध्र प्रदेश विद्युत स्टेशन पर कुर्बान का  सनम कौसर बानो
1270692.wav,उत्तर प्रदेश अकारू कानपुर देहात मेरा नाम मोहम्मद जुबेर
1267245.wav,मेरा नाम मीनाक्षी नंदन पुरा जिला मेरठ से रहने वाली हूं
1268970.wav, बार्बी डॉल की फेसबुक पाकिस्तान ज्योतिष
1268823.wav,हेलो  हेलो
1268001.wav,व्हाट हैपेंड फॉर जॉन होम्स
1268681.wav,फ्लोर
1270840.wav,हेलो
1267962.wav,मेरा नाम
1268611.wav,तालुका सिरोही दरगाह  जिला कोल्हापुर
1268733.wav,नंबर दो नागपुर
1271433.wav,कश्मीर में कश्मीर में
1270870.wav,मेरा नाम वीरेंद्र कुमार है मैं ग्राम पंचायत डिस्टिक हमीरपुर तहसील मौदहा का निवासी हूं  मेरा फोन नंबर 1454 525 245 पर एक नंबर अच्छा लगता है इसके द्वारा कोई भी जानकारी
1271910.wav,मैं जम्मू क्षेत्र में रहती हूं और मेरे जिले जिले का नाम कुछ हुआ है
1268671.wav,मैं उड़ीसा बरहमपुर में रहता हूं
1268456.wav,जयपुर बारिश और मेरे जूते और बता दो
1268754.wav,पश्चिम बंगाल
1271894.wav,हम शहर में रहते हैं मेरा नाम तानिया लालवानी है मेरे साथ है
1268156.wav,अल्लाह
1268682.wav,सही प्रधान बरेली जिला रायसेन मध्य प्रदेश जिला रायसेन मध्य प्रदेश
1268646.wav,अगर नगर प्रकाश माली का महाराष्ट्र अहमदनगर से महाराष्ट्र प्रकाशमणि जी का
1267707.wav,गांव  हां क्या करने
1268352.wav,नागपुर
1268634.wav,नागपुर नागपुर नागपुर में रहते हैं
1270558.wav,नैनेश्वर में कटनी में रहती
1269182.wav,मेरा नाम नरेश मीणा ने ग्राम यादव जिला तहसील बस्सी जिला जयपुर राज्य राजस्थान में रहता हूं
1272182.wav,काशीपुर
1268741.wav,जम्मू कश्मीर न्यूज़
1271706.wav,इलाहाबाद प्रयागराज इलाहाबाद प्रयागराज
1268527.wav,प्रोजेक्ट बनारस भोजपुरी फिल्म बनारस
1268521.wav,कोई दिक्कत
1268201.wav,उत्तर प्रदेश इलाहाबाद गांव सपोर्ट
1269158.wav,राजस्थान जयपुर नीरज गुप्ता
1268636.wav, विकलांगों बोलपुर
1266573.wav,जिला कोरिया छत्तीसगढ़
1268628.wav,रेशम बाग नागपुर
1271759.wav,मेरा नाम आशा भारतीय रेल एंड रोड सुभाष पुरा बीकानेर से बोल रही माता जी के मंदिर के पास
1271962.wav,मेरा नाम सर्विसिंग कानून में संशोधन बोल रहा हूं मेरा जवाब यह है कि जब बात करते हैं तो सोच कर के कोई महिला है जो खाना खाते
1267377.wav,लॉर्ड शिवा
1268377.wav,रमेश चंद्र अजमेर राजस्थान पर
1268767.wav,नमस्कार मैडम ने सतीश यादव बात करो ना मध्य प्रदेश के भोपाल से मध्य प्रदेश में रहता धन्यवाद
1271874.wav,गुजरात से बोल रही हूं गुजरात में राजकोट जिला आता है राजकोट में रहती हूं मेरा नाम क्या है पहले से देख रही हूं अच्छा लगा
1269472.wav,हिंदी में मांस के कौशांबी उत्तर प्रदेश से बोल रहा हूं
1268194.wav,जम्मू-कश्मीर कुलगाम
1271243.wav,ग्राम पोस्ट चौका जिला छतरपुर मध्य प्रदेश  ग्राम पोस्ट चौका जिला छतरपुर मध्य प्रदेश
1271082.wav,मैं डिस्ट्रिक्ट दिग्रस तालुका डिग्रस डिस्टिक यवतमाल महाराष्ट्र स्टेट धन्यवाद
1270094.wav,सपना नाम की राशि
1267784.wav,मेरा नाम संदीप कुमार है जिला मेरठ राज्य उत्तर प्रदेश का रहने वाला हूं गांव धनपुरा
1265950.wav,जी हां मेरा नाम रोहित कुमार यादव मैं इस समय फिलहाल में वाराणसी में रह रहा हूं  और वैसे तो मैं गांव का निवासी हूं दोस्तों मेरे प्यारे भाइयों एवं बहनों मैं देश भक्ति
1271961.wav,जम्मू कश्मीर बारामुला
1266402.wav,राज्य आंध्र प्रदेश जिला शिवपुर जिला मंडल मदन परी चौक का मेरा नाम कौन सा है  स्नेहा दीदी
1265977.wav,लखनऊ में रहती है
1268708.wav,आंध्र प्रदेश कडप्पा आंध्र प्रदेश
1266783.wav,शिल्पा शेट्टी ला नागौर राजस्थान
1269738.wav,बिहार राज्य
1266801.wav,नमस्कार मैं जिला मिर्जापुर में रहता हूं और उत्तर प्रदेश जिला मिर्जापुर में यह दुर्ग जिला इलाहाबाद के पास है जिला मिर्जापुर ग्राम जगन्नाथपुरा पोस्ट बांग्ला तहसील और ब्लॉक
1270483.wav,पेंसिल  सेक्स
1268699.wav,नागपुर महाराष्ट्र
1268373.wav,मैं बहुत बार जिला मुजफ्फरपुर ब्लॉक
1269219.wav,सरदार सिंह लोधी ग्राम क्रिकेट में रहता हूं और धीरज जिला तहसील खनियाधाना जिला शिवपुरी मध्य प्रदेश
1268912.wav,फना पिक्चर का गाना राजस्थानी
1268272.wav,मध्य प्रदेश जबलपुर सेक्सी
1266460.wav,इसके बाद रिकॉर्ड करवाएं  राम
1268190.wav, मध्यप्रदेश भोपाल के अंदर व शक्ति नगर गुप्तेश्वर मध्य प्रदेश जबलपुर इंदिरा नगर गुप्तेश्वर राजू पटेल राशन के पास
1268555.wav,पथरिया जिला दमोह पास नंबर दो  सेक्सी
1269261.wav,मेरा नाम श्रवण कुमार मौर्या है वापस राजकीय दृष्टिबाधित बालक इंटर कॉलेज परतापुर बराल मेरठ में कक्षा 9 का छात्र हूं वास्तव में शाहजहांपुर जिले का रहने वाला
1268112.wav,वाराणसी
1270995.wav,ग्राम निगमा पोस्ट निगमा थाना कोटा जिला अरवल बिहार भारत मुकेश कुशवाहा
1271476.wav,उत्तर प्रदेश कौशांबी
1271240.wav,बैकग्राउंड मटके में रहती हूं फिर पाली जिला उमरिया है राज का नाम
1271213.wav,आसनसोल आसनसोल पश्चिम बंगाल
1269614.wav,प्रयागराज उत्तर प्रदेश
1271644.wav,मध्य प्रदेश के गुना जिले की कुछ मोरा गांव में रहते हैं  मध्य प्रदेश के गुना जिले के खेरवाड़ा गांव में रहते हैं
1268172.wav,हम जयपुर में रहते हैं हम रहने वाले गांव से हैं लेकिन हमारे पापा जयपुर में काम करते हैं कंपनी में हम पूरा परिवार जयपुर में रहते हैं हमारी मम्मी है पांच भाई है तेरे पापा है कमाने वाली दो बहन और भाई पढ़ने जाता है और दो वे नो
1268697.wav,राज्य महाराष्ट्र जिला कोल्हापुर
1271721.wav,मेरा नाम तनुज है नगर हिमाचल प्रदेश मंडी जिले में  हरियाणवी में पांडु पोस्ट ऑफिस हमारा गांव है तहसील सदर है
1270360.wav,डिस्ट्रिक्ट औरंगाबाद महाराष्ट्र
1268313.wav,माय नेम इज रुखसाना अनंतराम वारंगल तेलंगाना स्टेट
1270435.wav,मेरठ उत्तर प्रदेश
1268774.wav,बैंक आफ महाराष्ट्र
1268128.wav,राजस्थान के जयपुर जिले में
1268934.wav,बलरामपुर जिला उत्तर प्रदेश
1271377.wav,डिस्ट्रिक्ट यवतमाल महाराष्ट्र यवतमाल जिले के ग्रामीण भाग
1269159.wav,विदेशी लाल
1267842.wav,नाम वीरेंद्र गंधर्व राज्य छत्तीसगढ़ जिला राजनांदगांव तहसील राजनांदगांव
1271179.wav,मेरा नाम संदीप है मैं डिस्ट्रिक्ट झज्जर हरियाणा गांव वडोदरा में रहता हूं और मैं रोहतक में जॉब करता हूं संगीत मास्टर मेरी उम्र 32 साल के मुझे खुले में शौच करना बिल्कुल और मैं भी यही चाहता हूं कि खुले रोशनी करने की गंदगी फैलती है की साफ-सफाई सोचालय की जिम्मेवारी
1271429.wav,सुंदर गुर्जर
1268184.wav,यूपी के जिले  एमपी इलेक्ट्रिशियन जॉब
1271679.wav,हेलो मैं डालटेनगंज में रहती हूं
1267249.wav,मिस्टर भोला यादव स्टेट बिहार डिस्ट्रिक्ट मंदिर वार्ड नंबर 14 पट्टी मिस्टर भोला यादव बिहार सरकार के पहले प्रधानमंत्री है जो सरकार की
1267439.wav,मेरा नाम पूनम है और मैं न्यू दिल्ली में रहती हूं
1266665.wav,बठिंडा पंजाब
1270958.wav,नमस्कार मैं सोनू कुर्रे नया रायपुर छत्तीसगढ़ से बात कर रहा हूं
1266749.wav,ललित कुमार डिस्ट्रिक्ट हरियाणा गांव पटौदी में शौच ना करें शुक्रिया
1268665.wav,मैं उत्तर प्रदेश के गोरखपुर जिले के महेश्वर कौन से बोल रही है
1268356.wav,मेरा नाम मेरा नाम सुनील मिश्रा ग्राम पोस्ट सिरौली थाना विजयपुर जिला समस्तीपुर बिहार राज
1268644.wav,हेलो हेलो
1271782.wav,जिला बस्तर छत्तीसगढ़ में रहता हूं आवाज लैंड स्कूल
1267189.wav,हेलो मैं नाम कुमार है मैं जान गोरी बड़ा जिला सिरमौर वालिए  मैं एक
1268535.wav,नाम जूही सिंह और गोपालगंज जिला थावे गोपालगंज पड़ता है और घर का नाम विधि और क्या नाम है पुलिस थाना खजूरी थैंक्यू इतना बताने खिलाने बैठने की बातें कर
1265931.wav,अमरावती जिले में
1267588.wav,सीतापुर कोकिला माई कंट्री कोड 84 महाराज की
1268915.wav,हेलो हेलो